Mean,Count,Service Time
1.4408827496173043E9,0,0.013
1.4408827496173043E9,1,0.091
1.4408827496173043E9,2,0.071
1.4408827496173043E9,3,0.076
1.4408827496173043E9,4,0.063
1.4408827496173043E9,5,0.06
1.4408827496173043E9,6,0.045
1.4408827496173043E9,7,0.023
1.4408827496173043E9,8,0.092
1.4408827496173043E9,9,0.01
1.4408827496173043E9,10,0.05
1.4408827496173043E9,11,0.013
1.4408827496173043E9,12,0.045
1.4408827496173043E9,13,0.018
1.4408827496173043E9,14,0.073
1.4408827496173043E9,15,0.007
1.4408827496173043E9,16,0.059
1.4408827496173043E9,17,0.01
1.4408827496173043E9,18,0.013
1.4408827496173043E9,19,0.007
1.4408827496173043E9,20,0.021
1.4408827496173043E9,21,0.011
1.4408827496173043E9,22,0.016
1.4408827496173043E9,23,0.007
1.4408827496173043E9,24,0.061
1.4408827496173043E9,25,0.021
1.4408827496173043E9,26,0.048
1.4408827496173043E9,27,0.048
1.4408827496173043E9,28,0.025
1.4408827496173043E9,29,0.006
1.4408827496173043E9,30,0.007
1.4408827496173043E9,31,0.012
1.4408827496173043E9,32,0.006
1.4408827496173043E9,33,0.046
1.4408827496173043E9,34,0.034
1.4408827496173043E9,35,0.01
1.4408827496173043E9,36,0.068
1.4408827496173043E9,37,0.049
1.4408827496173043E9,38,0.008
1.4408827496173043E9,39,0.047
1.4408827496173043E9,40,0.023
1.4408827496173043E9,41,0.007
1.4408827496173043E9,42,0.019
1.4408827496173043E9,43,0.008
1.4408827496173043E9,44,0.007
1.4408827496173043E9,45,0.055
1.4408827496173043E9,46,0.011
1.4408827496173043E9,47,0.016
1.4408827496173043E9,48,0.006
1.4408827496173043E9,49,0.041
1.4408827496173043E9,50,0.006
1.4408827496173043E9,51,0.008
1.4408827496173043E9,52,0.007
1.4408827496173043E9,53,0.006
1.4408827496173043E9,54,0.017
1.4408827496173043E9,55,0.023
1.4408827496173043E9,56,0.056
1.4408827496173043E9,57,0.011
1.4408827496173043E9,58,0.016
1.4408827496173043E9,59,0.006
1.4408827496173043E9,60,0.02
1.4408827496173043E9,61,0.031
1.4408827496173043E9,62,0.005
1.4408827496173043E9,63,0.021
1.4408827496173043E9,64,0.011
1.4408827496173043E9,65,0.009
1.4408827496173043E9,66,0.005
1.4408827496173043E9,67,0.025
1.4408827496173043E9,68,0.022
1.4408827496173043E9,69,0.044
1.4408827496173043E9,70,0.008
1.4408827496173043E9,71,0.025
1.4408827496173043E9,72,0.021
1.4408827496173043E9,73,0.006
1.4408827496173043E9,74,0.01
1.4408827496173043E9,75,0.01
1.4408827496173043E9,76,0.018
1.4408827496173043E9,77,0.058
1.4408827496173043E9,78,0.01
1.4408827496173043E9,79,0.006
1.4408827496173043E9,80,0.045
1.4408827496173043E9,81,0.024
1.4408827496173043E9,82,0.011
1.4408827496173043E9,83,0.007
1.4408827496173043E9,84,0.008
1.4408827496173043E9,85,0.007
1.4408827496173043E9,86,0.073
1.4408827496173043E9,87,0.033
1.4408827496173043E9,88,0.025
1.4408827496173043E9,89,0.013
1.4408827496173043E9,90,0.021
1.4408827496173043E9,91,0.01
1.4408827496173043E9,92,0.009
1.4408827496173043E9,93,0.01
1.4408827496173043E9,94,0.017
1.4408827496173043E9,95,0.01
1.4408827496173043E9,96,0.009
1.4408827496173043E9,97,0.012
1.4408827496173043E9,98,0.012
1.4408827496173043E9,99,0.052
1.4408827496173043E9,100,0.054
1.4408827496173043E9,101,0.007
1.4408827496173043E9,102,0.011
1.4408827496173043E9,103,0.013
1.4408827496173043E9,104,0.034
1.4408827496173043E9,105,0.012
1.4408827496173043E9,106,0.006
1.4408827496173043E9,107,0.007
1.4408827496173043E9,108,0.048
1.4408827496173043E9,109,0.005
1.4408827496173043E9,110,0.01
1.4408827496173043E9,111,0.051
1.4408827496173043E9,112,0.008
1.4408827496173043E9,113,0.047
1.4408827496173043E9,114,0.017
1.4408827496173043E9,115,0.071
1.4408827496173043E9,116,0.043
1.4408827496173043E9,117,0.018
1.4408827496173043E9,118,0.017
1.4408827496173043E9,119,0.009
1.4408827496173043E9,120,0.019
1.4408827496173043E9,121,0.021
1.4408827496173043E9,122,0.011
1.4408827496173043E9,123,0.042
1.4408827496173043E9,124,0.01
1.4408827496173043E9,125,0.013
1.4408827496173043E9,126,0.013
1.4408827496173043E9,127,0.009
1.4408827496173043E9,128,0.015
1.4408827496173043E9,129,0.021
1.4408827496173043E9,130,0.006
1.4408827496173043E9,131,0.013
1.4408827496173043E9,132,0.007
1.4408827496173043E9,133,0.078
1.4408827496173043E9,134,0.029
1.4408827496173043E9,135,0.054
1.4408827496173043E9,136,0.044
1.4408827496173043E9,137,0.006
1.4408827496173043E9,138,0.005
1.4408827496173043E9,139,0.005
1.4408827496173043E9,140,0.005
1.4408827496173043E9,141,0.017
1.4408827496173043E9,142,0.025
1.4408827496173043E9,143,0.005
1.4408827496173043E9,144,0.061
1.4408827496173043E9,145,0.043
1.4408827496173043E9,146,0.043
1.4408827496173043E9,147,0.044
1.4408827496173043E9,148,0.027
1.4408827496173043E9,149,0.007
1.4408827496173043E9,150,0.005
1.4408827496173043E9,151,0.005
1.4408827496173043E9,152,0.009
1.4408827496173043E9,153,0.03
1.4408827496173043E9,154,0.045
1.4408827496173043E9,155,0.005
1.4408827496173043E9,156,0.006
1.4408827496173043E9,157,0.007
1.4408827496173043E9,158,0.024
1.4408827496173043E9,159,0.017
1.4408827496173043E9,160,0.015
1.4408827496173043E9,161,0.005
1.4408827496173043E9,162,0.01
1.4408827496173043E9,163,0.005
1.4408827496173043E9,164,0.007
1.4408827496173043E9,165,0.017
1.4408827496173043E9,166,0.013
1.4408827496173043E9,167,0.044
1.4408827496173043E9,168,0.044
1.4408827496173043E9,169,0.043
1.4408827496173043E9,170,0.044
1.4408827496173043E9,171,0.005
1.4408827496173043E9,172,0.009
1.4408827496173043E9,173,0.029
1.4408827496173043E9,174,0.049
1.4408827496173043E9,175,0.086
1.4408827496173043E9,176,0.046
1.4408827496173043E9,177,0.016
1.4408827496173043E9,178,0.015
1.4408827496173043E9,179,0.016
1.4408827496173043E9,180,0.008
1.4408827496173043E9,181,0.013
1.4408827496173043E9,182,0.015
1.4408827496173043E9,183,0.067
1.4408827496173043E9,184,0.043
1.4408827496173043E9,185,0.004
1.4408827496173043E9,186,0.044
1.4408827496173043E9,187,0.014
1.4408827496173043E9,188,0.013
1.4408827496173043E9,189,0.012
1.4408827496173043E9,190,0.006
1.4408827496173043E9,191,0.005
1.4408827496173043E9,192,0.06
1.4408827496173043E9,193,0.042
1.4408827496173043E9,194,0.004
1.4408827496173043E9,195,0.006
1.4408827496173043E9,196,0.004
1.4408827496173043E9,197,0.004
1.4408827496173043E9,198,0.006
1.4408827496173043E9,199,0.019
1.4408827496173043E9,200,0.005
1.4408827496173043E9,201,0.024
1.4408827496173043E9,202,0.013
1.4408827496173043E9,203,0.017
1.4408827496173043E9,204,0.016
1.4408827496173043E9,205,0.01
1.4408827496173043E9,206,0.012
1.4408827496173043E9,207,0.069
1.4408827496173043E9,208,0.01
1.4408827496173043E9,209,0.008
1.4408827496173043E9,210,0.03
1.4408827496173043E9,211,0.017
1.4408827496173043E9,212,0.035
1.4408827496173043E9,213,0.075
1.4408827496173043E9,214,0.045
1.4408827496173043E9,215,0.007
1.4408827496173043E9,216,0.012
1.4408827496173043E9,217,0.007
1.4408827496173043E9,218,0.016
1.4408827496173043E9,219,0.045
1.4408827496173043E9,220,0.006
1.4408827496173043E9,221,0.008
1.4408827496173043E9,222,0.026
1.4408827496173043E9,223,0.034
1.4408827496173043E9,224,0.021
1.4408827496173043E9,225,0.069
1.4408827496173043E9,226,0.005
1.4408827496173043E9,227,0.042
1.4408827496173043E9,228,0.024
1.4408827496173043E9,229,0.045
1.4408827496173043E9,230,0.046
1.4408827496173043E9,231,0.011
1.4408827496173043E9,232,0.006
1.4408827496173043E9,233,0.004
1.4408827496173043E9,234,0.006
1.4408827496173043E9,235,0.053
1.4408827496173043E9,236,0.014
1.4408827496173043E9,237,0.015
1.4408827496173043E9,238,0.053
1.4408827496173043E9,239,0.005
1.4408827496173043E9,240,0.005
1.4408827496173043E9,241,0.006
1.4408827496173043E9,242,0.051
1.4408827496173043E9,243,0.004
1.4408827496173043E9,244,0.012
1.4408827496173043E9,245,0.047
1.4408827496173043E9,246,0.015
1.4408827496173043E9,247,0.059
1.4408827496173043E9,248,0.046
1.4408827496173043E9,249,0.006
1.4408827496173043E9,250,0.005
1.4408827496173043E9,251,0.005
1.4408827496173043E9,252,0.019
1.4408827496173043E9,253,0.009
1.4408827496173043E9,254,0.006
1.4408827496173043E9,255,0.009
1.4408827496173043E9,256,0.056
1.4408827496173043E9,257,0.043
1.4408827496173043E9,258,0.004
1.4408827496173043E9,259,0.004
1.4408827496173043E9,260,0.007
1.4408827496173043E9,261,0.045
1.4408827496173043E9,262,0.048
1.4408827496173043E9,263,0.005
1.4408827496173043E9,264,0.005
1.4408827496173043E9,265,0.05
1.4408827496173043E9,266,0.043
1.4408827496173043E9,267,0.043
1.4408827496173043E9,268,0.048
1.4408827496173043E9,269,0.044
1.4408827496173043E9,270,0.043
1.4408827496173043E9,271,0.04
1.4408827496173043E9,272,0.048
1.4408827496173043E9,273,0.043
1.4408827496173043E9,274,0.044
1.4408827496173043E9,275,0.043
1.4408827496173043E9,276,0.043
1.4408827496173043E9,277,0.005
1.4408827496173043E9,278,0.075
1.4408827496173043E9,279,0.044
1.4408827496173043E9,280,0.005
1.4408827496173043E9,281,0.005
1.4408827496173043E9,282,0.006
1.4408827496173043E9,283,0.005
1.4408827496173043E9,284,0.007
1.4408827496173043E9,285,0.042
1.4408827496173043E9,286,0.044
1.4408827496173043E9,287,0.044
1.4408827496173043E9,288,0.044
1.4408827496173043E9,289,0.043
1.4408827496173043E9,290,0.044
1.4408827496173043E9,291,0.044
1.4408827496173043E9,292,0.043
1.4408827496173043E9,293,0.044
1.4408827496173043E9,294,0.061
1.4408827496173043E9,295,0.01
1.4408827496173043E9,296,0.049
1.4408827496173043E9,297,0.044
1.4408827496173043E9,298,0.005
1.4408827496173043E9,299,0.043
1.4408827496173043E9,300,0.052
1.4408827496173043E9,301,0.005
1.4408827496173043E9,302,0.047
1.4408827496173043E9,303,0.043
1.4408827496173043E9,304,0.044
1.4408827496173043E9,305,0.005
1.4408827496173043E9,306,0.004
1.4408827496173043E9,307,0.018
1.4408827496173043E9,308,0.045
1.4408827496173043E9,309,0.043
1.4408827496173043E9,310,0.043
1.4408827496173043E9,311,0.044
1.4408827496173043E9,312,0.046
1.4408827496173043E9,313,0.048
1.4408827496173043E9,314,0.044
1.4408827496173043E9,315,0.065
1.4408827496173043E9,316,0.043
1.4408827496173043E9,317,0.043
1.4408827496173043E9,318,0.044
1.4408827496173043E9,319,0.005
1.4408827496173043E9,320,0.013
1.4408827496173043E9,321,0.044
1.4408827496173043E9,322,0.004
1.4408827496173043E9,323,0.004
1.4408827496173043E9,324,0.004
1.4408827496173043E9,325,0.004
1.4408827496173043E9,326,0.011
1.4408827496173043E9,327,0.026
1.4408827496173043E9,328,0.005
1.4408827496173043E9,329,0.006
1.4408827496173043E9,330,0.003
1.4408827496173043E9,331,0.034
1.4408827496173043E9,332,0.062
1.4408827496173043E9,333,0.005
1.4408827496173043E9,334,0.044
1.4408827496173043E9,335,0.007
1.4408827496173043E9,336,0.004
1.4408827496173043E9,337,0.045
1.4408827496173043E9,338,0.014
1.4408827496173043E9,339,0.005
1.4408827496173043E9,340,0.04
1.4408827496173043E9,341,0.004
1.4408827496173043E9,342,0.007
1.4408827496173043E9,343,0.041
1.4408827496173043E9,344,0.044
1.4408827496173043E9,345,0.044
1.4408827496173043E9,346,0.048
1.4408827496173043E9,347,0.044
1.4408827496173043E9,348,0.019
1.4408827496173043E9,349,0.005
1.4408827496173043E9,350,0.008
1.4408827496173043E9,351,0.004
1.4408827496173043E9,352,0.016
1.4408827496173043E9,353,0.005
1.4408827496173043E9,354,0.022
1.4408827496173043E9,355,0.031
1.4408827496173043E9,356,0.054
1.4408827496173043E9,357,0.006
1.4408827496173043E9,358,0.007
1.4408827496173043E9,359,0.007
1.4408827496173043E9,360,0.007
1.4408827496173043E9,361,0.012
1.4408827496173043E9,362,0.033
1.4408827496173043E9,363,0.066
1.4408827496173043E9,364,0.044
1.4408827496173043E9,365,0.044
1.4408827496173043E9,366,0.004
1.4408827496173043E9,367,0.05
1.4408827496173043E9,368,0.008
1.4408827496173043E9,369,0.005
1.4408827496173043E9,370,0.009
1.4408827496173043E9,371,0.045
1.4408827496173043E9,372,0.047
1.4408827496173043E9,373,0.032
1.4408827496173043E9,374,0.058
1.4408827496173043E9,375,0.007
1.4408827496173043E9,376,0.056
1.4408827496173043E9,377,0.045
1.4408827496173043E9,378,0.004
1.4408827496173043E9,379,0.044
1.4408827496173043E9,380,0.044
1.4408827496173043E9,381,0.044
1.4408827496173043E9,382,0.011
1.4408827496173043E9,383,0.014
1.4408827496173043E9,384,0.043
1.4408827496173043E9,385,0.043
1.4408827496173043E9,386,0.044
1.4408827496173043E9,387,0.014
1.4408827496173043E9,388,0.008
1.4408827496173043E9,389,0.006
1.4408827496173043E9,390,0.008
1.4408827496173043E9,391,0.005
1.4408827496173043E9,392,0.024
1.4408827496173043E9,393,0.042
1.4408827496173043E9,394,0.004
1.4408827496173043E9,395,0.004
1.4408827496173043E9,396,0.004
1.4408827496173043E9,397,0.009
1.4408827496173043E9,398,0.043
1.4408827496173043E9,399,0.004
1.4408827496173043E9,400,0.016
1.4408827496173043E9,401,0.048
1.4408827496173043E9,402,0.004
1.4408827496173043E9,403,0.005
1.4408827496173043E9,404,0.005
1.4408827496173043E9,405,0.068
1.4408827496173043E9,406,0.045
1.4408827496173043E9,407,0.045
1.4408827496173043E9,408,0.04
1.4408827496173043E9,409,0.048
1.4408827496173043E9,410,0.044
1.4408827496173043E9,411,0.044
1.4408827496173043E9,412,0.014
1.4408827496173043E9,413,0.02
1.4408827496173043E9,414,0.046
1.4408827496173043E9,415,0.044
1.4408827496173043E9,416,0.073
1.4408827496173043E9,417,0.007
1.4408827496173043E9,418,0.09
1.4408827496173043E9,419,0.038
1.4408827496173043E9,420,0.008
1.4408827496173043E9,421,0.023
1.4408827496173043E9,422,0.062
1.4408827496173043E9,423,0.059
1.4408827496173043E9,424,0.046
1.4408827496173043E9,425,0.008
1.4408827496173043E9,426,0.009
1.4408827496173043E9,427,0.006
1.4408827496173043E9,428,0.062
1.4408827496173043E9,429,0.064
1.4408827496173043E9,430,0.067
1.4408827496173043E9,431,0.041
1.4408827496173043E9,432,0.009
1.4408827496173043E9,433,0.027
1.4408827496173043E9,434,0.01
1.4408827496173043E9,435,0.008
1.4408827496173043E9,436,0.052
1.4408827496173043E9,437,0.035
1.4408827496173043E9,438,0.128
1.4408827496173043E9,439,0.042
1.4408827496173043E9,440,0.005
1.4408827496173043E9,441,0.006
1.4408827496173043E9,442,0.005
1.4408827496173043E9,443,0.052
1.4408827496173043E9,444,0.006
1.4408827496173043E9,445,0.005
1.4408827496173043E9,446,0.004
1.4408827496173043E9,447,0.007
1.4408827496173043E9,448,0.026
1.4408827496173043E9,449,0.01
1.4408827496173043E9,450,0.005
1.4408827496173043E9,451,0.051
1.4408827496173043E9,452,0.006
1.4408827496173043E9,453,0.005
1.4408827496173043E9,454,0.01
1.4408827496173043E9,455,0.006
1.4408827496173043E9,456,0.023
1.4408827496173043E9,457,0.004
1.4408827496173043E9,458,0.045
1.4408827496173043E9,459,0.043
1.4408827496173043E9,460,0.094
1.4408827496173043E9,461,0.004
1.4408827496173043E9,462,0.023
1.4408827496173043E9,463,0.042
1.4408827496173043E9,464,0.022
1.4408827496173043E9,465,0.01
1.4408827496173043E9,466,0.017
1.4408827496173043E9,467,0.011
1.4408827496173043E9,468,0.024
1.4408827496173043E9,469,0.052
1.4408827496173043E9,470,0.021
1.4408827496173043E9,471,0.049
1.4408827496173043E9,472,0.019
1.4408827496173043E9,473,0.006
1.4408827496173043E9,474,0.042
1.4408827496173043E9,475,0.043
1.4408827496173043E9,476,0.02
1.4408827496173043E9,477,0.012
1.4408827496173043E9,478,0.013
1.4408827496173043E9,479,0.004
1.4408827496173043E9,480,0.01
1.4408827496173043E9,481,0.006
1.4408827496173043E9,482,0.023
1.4408827496173043E9,483,0.055
1.4408827496173043E9,484,0.044
1.4408827496173043E9,485,0.013
1.4408827496173043E9,486,0.025
1.4408827496173043E9,487,0.041
1.4408827496173043E9,488,0.005
1.4408827496173043E9,489,0.007
1.4408827496173043E9,490,0.008
1.4408827496173043E9,491,0.019
1.4408827496173043E9,492,0.025
1.4408827496173043E9,493,0.006
1.4408827496173043E9,494,0.043
1.4408827496173043E9,495,0.004
1.4408827496173043E9,496,0.003
1.4408827496173043E9,497,0.01
1.4408827496173043E9,498,0.041
1.4408827496173043E9,499,0.005
1.4408827496173043E9,500,0.004
1.4408827496173043E9,501,0.004
1.4408827496173043E9,502,0.048
1.4408827496173043E9,503,0.004
1.4408827496173043E9,504,0.005
1.4408827496173043E9,505,0.005
1.4408827496173043E9,506,0.004
1.4408827496173043E9,507,0.061
1.4408827496173043E9,508,0.023
1.4408827496173043E9,509,0.006
1.4408827496173043E9,510,0.061
1.4408827496173043E9,511,0.053
1.4408827496173043E9,512,0.011
1.4408827496173043E9,513,0.025
1.4408827496173043E9,514,0.046
1.4408827496173043E9,515,0.063
1.4408827496173043E9,516,0.02
1.4408827496173043E9,517,0.043
1.4408827496173043E9,518,0.005
1.4408827496173043E9,519,0.02
1.4408827496173043E9,520,0.044
1.4408827496173043E9,521,0.011
1.4408827496173043E9,522,0.02
1.4408827496173043E9,523,0.043
1.4408827496173043E9,524,0.044
1.4408827496173043E9,525,0.044
1.4408827496173043E9,526,0.021
1.4408827496173043E9,527,0.043
1.4408827496173043E9,528,0.017
1.4408827496173043E9,529,0.006
1.4408827496173043E9,530,0.044
1.4408827496173043E9,531,0.013
1.4408827496173043E9,532,0.005
1.4408827496173043E9,533,0.005
1.4408827496173043E9,534,0.015
1.4408827496173043E9,535,0.004
1.4408827496173043E9,536,0.005
1.4408827496173043E9,537,0.023
1.4408827496173043E9,538,0.008
1.4408827496173043E9,539,0.018
1.4408827496173043E9,540,0.005
1.4408827496173043E9,541,0.004
1.4408827496173043E9,542,0.04
1.4408827496173043E9,543,0.047
1.4408827496173043E9,544,0.068
1.4408827496173043E9,545,0.048
1.4408827496173043E9,546,0.006
1.4408827496173043E9,547,0.006
1.4408827496173043E9,548,0.008
1.4408827496173043E9,549,0.018
1.4408827496173043E9,550,0.021
1.4408827496173043E9,551,0.01
1.4408827496173043E9,552,0.019
1.4408827496173043E9,553,0.007
1.4408827496173043E9,554,0.012
1.4408827496173043E9,555,0.019
1.4408827496173043E9,556,0.049
1.4408827496173043E9,557,0.047
1.4408827496173043E9,558,0.045
1.4408827496173043E9,559,0.077
1.4408827496173043E9,560,0.011
1.4408827496173043E9,561,0.009
1.4408827496173043E9,562,0.006
1.4408827496173043E9,563,0.014
1.4408827496173043E9,564,0.014
1.4408827496173043E9,565,0.014
1.4408827496173043E9,566,0.049
1.4408827496173043E9,567,0.018
1.4408827496173043E9,568,0.052
1.4408827496173043E9,569,0.013
1.4408827496173043E9,570,0.004
1.4408827496173043E9,571,0.043
1.4408827496173043E9,572,0.043
1.4408827496173043E9,573,0.005
1.4408827496173043E9,574,0.019
1.4408827496173043E9,575,0.005
1.4408827496173043E9,576,0.058
1.4408827496173043E9,577,0.005
1.4408827496173043E9,578,0.004
1.4408827496173043E9,579,0.042
1.4408827496173043E9,580,0.007
1.4408827496173043E9,581,0.005
1.4408827496173043E9,582,0.004
1.4408827496173043E9,583,0.005
1.4408827496173043E9,584,0.004
1.4408827496173043E9,585,0.012
1.4408827496173043E9,586,0.005
1.4408827496173043E9,587,0.004
1.4408827496173043E9,588,0.022
1.4408827496173043E9,589,0.008
1.4408827496173043E9,590,0.015
1.4408827496173043E9,591,0.01
1.4408827496173043E9,592,0.042
1.4408827496173043E9,593,0.035
1.4408827496173043E9,594,0.006
1.4408827496173043E9,595,0.015
1.4408827496173043E9,596,0.004
1.4408827496173043E9,597,0.008
1.4408827496173043E9,598,0.043
1.4408827496173043E9,599,0.005
1.4408827496173043E9,600,0.018
1.4408827496173043E9,601,0.006
1.4408827496173043E9,602,0.015
1.4408827496173043E9,603,0.008
1.4408827496173043E9,604,0.005
1.4408827496173043E9,605,0.056
1.4408827496173043E9,606,0.043
1.4408827496173043E9,607,0.003
1.4408827496173043E9,608,0.004
1.4408827496173043E9,609,0.006
1.4408827496173043E9,610,0.004
1.4408827496173043E9,611,0.004
1.4408827496173043E9,612,0.019
1.4408827496173043E9,613,0.005
1.4408827496173043E9,614,0.06
1.4408827496173043E9,615,0.043
1.4408827496173043E9,616,0.048
1.4408827496173043E9,617,0.005
1.4408827496173043E9,618,0.004
1.4408827496173043E9,619,0.009
1.4408827496173043E9,620,0.006
1.4408827496173043E9,621,0.049
1.4408827496173043E9,622,0.044
1.4408827496173043E9,623,0.004
1.4408827496173043E9,624,0.004
1.4408827496173043E9,625,0.01
1.4408827496173043E9,626,0.011
1.4408827496173043E9,627,0.011
1.4408827496173043E9,628,0.006
1.4408827496173043E9,629,0.003
1.4408827496173043E9,630,0.005
1.4408827496173043E9,631,0.055
1.4408827496173043E9,632,0.035
1.4408827496173043E9,633,0.01
1.4408827496173043E9,634,0.022
1.4408827496173043E9,635,0.004
1.4408827496173043E9,636,0.011
1.4408827496173043E9,637,0.045
1.4408827496173043E9,638,0.058
1.4408827496173043E9,639,0.041
1.4408827496173043E9,640,0.004
1.4408827496173043E9,641,0.004
1.4408827496173043E9,642,0.044
1.4408827496173043E9,643,0.044
1.4408827496173043E9,644,0.005
1.4408827496173043E9,645,0.005
1.4408827496173043E9,646,0.003
1.4408827496173043E9,647,0.008
1.4408827496173043E9,648,0.014
1.4408827496173043E9,649,0.025
1.4408827496173043E9,650,0.009
1.4408827496173043E9,651,0.007
1.4408827496173043E9,652,0.017
1.4408827496173043E9,653,0.007
1.4408827496173043E9,654,0.023
1.4408827496173043E9,655,0.04
1.4408827496173043E9,656,0.008
1.4408827496173043E9,657,0.024
1.4408827496173043E9,658,0.009
1.4408827496173043E9,659,0.061
1.4408827496173043E9,660,0.004
1.4408827496173043E9,661,0.005
1.4408827496173043E9,662,0.003
1.4408827496173043E9,663,0.004
1.4408827496173043E9,664,0.047
1.4408827496173043E9,665,0.004
1.4408827496173043E9,666,0.022
1.4408827496173043E9,667,0.021
1.4408827496173043E9,668,0.006
1.4408827496173043E9,669,0.021
1.4408827496173043E9,670,0.009
1.4408827496173043E9,671,0.004
1.4408827496173043E9,672,0.016
1.4408827496173043E9,673,0.006
1.4408827496173043E9,674,0.023
1.4408827496173043E9,675,0.024
1.4408827496173043E9,676,0.013
1.4408827496173043E9,677,0.043
1.4408827496173043E9,678,0.008
1.4408827496173043E9,679,0.026
1.4408827496173043E9,680,0.059
1.4408827496173043E9,681,0.043
1.4408827496173043E9,682,0.005
1.4408827496173043E9,683,0.003
1.4408827496173043E9,684,0.043
1.4408827496173043E9,685,0.007
1.4408827496173043E9,686,0.021
1.4408827496173043E9,687,0.049
1.4408827496173043E9,688,0.004
1.4408827496173043E9,689,0.008
1.4408827496173043E9,690,0.048
1.4408827496173043E9,691,0.009
1.4408827496173043E9,692,0.045
1.4408827496173043E9,693,0.044
1.4408827496173043E9,694,0.043
1.4408827496173043E9,695,0.044
1.4408827496173043E9,696,0.059
1.4408827496173043E9,697,0.005
1.4408827496173043E9,698,0.044
1.4408827496173043E9,699,0.024
1.4408827496173043E9,700,0.004
1.4408827496173043E9,701,0.061
1.4408827496173043E9,702,0.003
1.4408827496173043E9,703,0.004
1.4408827496173043E9,704,0.012
1.4408827496173043E9,705,0.004
1.4408827496173043E9,706,0.004
1.4408827496173043E9,707,0.042
1.4408827496173043E9,708,0.013
1.4408827496173043E9,709,0.005
1.4408827496173043E9,710,0.016
1.4408827496173043E9,711,0.009
1.4408827496173043E9,712,0.017
1.4408827496173043E9,713,0.016
1.4408827496173043E9,714,0.007
1.4408827496173043E9,715,0.021
1.4408827496173043E9,716,0.006
1.4408827496173043E9,717,0.025
1.4408827496173043E9,718,0.009
1.4408827496173043E9,719,0.021
1.4408827496173043E9,720,0.004
1.4408827496173043E9,721,0.043
1.4408827496173043E9,722,0.061
1.4408827496173043E9,723,0.026
1.4408827496173043E9,724,0.004
1.4408827496173043E9,725,0.021
1.4408827496173043E9,726,0.009
1.4408827496173043E9,727,0.069
1.4408827496173043E9,728,0.008
1.4408827496173043E9,729,0.061
1.4408827496173043E9,730,0.023
1.4408827496173043E9,731,0.006
1.4408827496173043E9,732,0.02
1.4408827496173043E9,733,0.004
1.4408827496173043E9,734,0.041
1.4408827496173043E9,735,0.003
1.4408827496173043E9,736,0.004
1.4408827496173043E9,737,0.004
1.4408827496173043E9,738,0.012
1.4408827496173043E9,739,0.035
1.4408827496173043E9,740,0.045
1.4408827496173043E9,741,0.023
1.4408827496173043E9,742,0.005
1.4408827496173043E9,743,0.003
1.4408827496173043E9,744,0.04
1.4408827496173043E9,745,0.021
1.4408827496173043E9,746,0.027
1.4408827496173043E9,747,0.043
1.4408827496173043E9,748,0.045
1.4408827496173043E9,749,0.004
1.4408827496173043E9,750,0.014
1.4408827496173043E9,751,0.044
1.4408827496173043E9,752,0.004
1.4408827496173043E9,753,0.015
1.4408827496173043E9,754,0.005
1.4408827496173043E9,755,0.018
1.4408827496173043E9,756,0.005
1.4408827496173043E9,757,0.044
1.4408827496173043E9,758,0.044
1.4408827496173043E9,759,0.004
1.4408827496173043E9,760,0.003
1.4408827496173043E9,761,0.004
1.4408827496173043E9,762,0.043
1.4408827496173043E9,763,0.006
1.4408827496173043E9,764,0.005
1.4408827496173043E9,765,0.004
1.4408827496173043E9,766,0.016
1.4408827496173043E9,767,0.006
1.4408827496173043E9,768,0.024
1.4408827496173043E9,769,0.008
1.4408827496173043E9,770,0.004
1.4408827496173043E9,771,0.015
1.4408827496173043E9,772,0.048
1.4408827496173043E9,773,0.004
1.4408827496173043E9,774,0.003
1.4408827496173043E9,775,0.045
1.4408827496173043E9,776,0.004
1.4408827496173043E9,777,0.009
1.4408827496173043E9,778,0.017
1.4408827496173043E9,779,0.009
1.4408827496173043E9,780,0.014
1.4408827496173043E9,781,0.046
1.4408827496173043E9,782,0.022
1.4408827496173043E9,783,0.008
1.4408827496173043E9,784,0.018
1.4408827496173043E9,785,0.044
1.4408827496173043E9,786,0.021
1.4408827496173043E9,787,0.043
1.4408827496173043E9,788,0.049
1.4408827496173043E9,789,0.032
1.4408827496173043E9,790,0.008
1.4408827496173043E9,791,0.004
1.4408827496173043E9,792,0.011
1.4408827496173043E9,793,0.043
1.4408827496173043E9,794,0.006
1.4408827496173043E9,795,0.005
1.4408827496173043E9,796,0.046
1.4408827496173043E9,797,0.044
1.4408827496173043E9,798,0.009
1.4408827496173043E9,799,0.076
1.4408827496173043E9,800,0.005
1.4408827496173043E9,801,0.005
1.4408827496173043E9,802,0.012
1.4408827496173043E9,803,0.01
1.4408827496173043E9,804,0.01
1.4408827496173043E9,805,0.032
1.4408827496173043E9,806,0.051
1.4408827496173043E9,807,0.06
1.4408827496173043E9,808,0.005
1.4408827496173043E9,809,0.006
1.4408827496173043E9,810,0.012
1.4408827496173043E9,811,0.007
1.4408827496173043E9,812,0.02
1.4408827496173043E9,813,0.017
1.4408827496173043E9,814,0.005
1.4408827496173043E9,815,0.006
1.4408827496173043E9,816,0.05
1.4408827496173043E9,817,0.005
1.4408827496173043E9,818,0.018
1.4408827496173043E9,819,0.009
1.4408827496173043E9,820,0.018
1.4408827496173043E9,821,0.009
1.4408827496173043E9,822,0.024
1.4408827496173043E9,823,0.031
1.4408827496173043E9,824,0.004
1.4408827496173043E9,825,0.003
1.4408827496173043E9,826,0.005
1.4408827496173043E9,827,0.055
1.4408827496173043E9,828,0.044
1.4408827496173043E9,829,0.007
1.4408827496173043E9,830,0.006
1.4408827496173043E9,831,0.007
1.4408827496173043E9,832,0.052
1.4408827496173043E9,833,0.043
1.4408827496173043E9,834,0.005
1.4408827496173043E9,835,0.008
1.4408827496173043E9,836,0.066
1.4408827496173043E9,837,0.018
1.4408827496173043E9,838,0.005
1.4408827496173043E9,839,0.019
1.4408827496173043E9,840,0.008
1.4408827496173043E9,841,0.025
1.4408827496173043E9,842,0.047
1.4408827496173043E9,843,0.012
1.4408827496173043E9,844,0.007
1.4408827496173043E9,845,0.021
1.4408827496173043E9,846,0.006
1.4408827496173043E9,847,0.046
1.4408827496173043E9,848,0.044
1.4408827496173043E9,849,0.044
1.4408827496173043E9,850,0.02
1.4408827496173043E9,851,0.046
1.4408827496173043E9,852,0.044
1.4408827496173043E9,853,0.005
1.4408827496173043E9,854,0.004
1.4408827496173043E9,855,0.004
1.4408827496173043E9,856,0.054
1.4408827496173043E9,857,0.021
1.4408827496173043E9,858,0.014
1.4408827496173043E9,859,0.014
1.4408827496173043E9,860,0.008
1.4408827496173043E9,861,0.021
1.4408827496173043E9,862,0.047
1.4408827496173043E9,863,0.048
1.4408827496173043E9,864,0.004
1.4408827496173043E9,865,0.009
1.4408827496173043E9,866,0.043
1.4408827496173043E9,867,0.007
1.4408827496173043E9,868,0.018
1.4408827496173043E9,869,0.017
1.4408827496173043E9,870,0.015
1.4408827496173043E9,871,0.046
1.4408827496173043E9,872,0.019
1.4408827496173043E9,873,0.045
1.4408827496173043E9,874,0.044
1.4408827496173043E9,875,0.043
1.4408827496173043E9,876,0.019
1.4408827496173043E9,877,0.049
1.4408827496173043E9,878,0.071
1.4408827496173043E9,879,0.011
1.4408827496173043E9,880,0.042
1.4408827496173043E9,881,0.011
1.4408827496173043E9,882,0.024
1.4408827496173043E9,883,0.016
1.4408827496173043E9,884,0.004
1.4408827496173043E9,885,0.044
1.4408827496173043E9,886,0.007
1.4408827496173043E9,887,0.006
1.4408827496173043E9,888,0.017
1.4408827496173043E9,889,0.009
1.4408827496173043E9,890,0.009
1.4408827496173043E9,891,0.054
1.4408827496173043E9,892,0.004
1.4408827496173043E9,893,0.044
1.4408827496173043E9,894,0.012
1.4408827496173043E9,895,0.066
1.4408827496173043E9,896,0.043
1.4408827496173043E9,897,0.026
1.4408827496173043E9,898,0.021
1.4408827496173043E9,899,0.044
1.4408827496173043E9,900,0.005
1.4408827496173043E9,901,0.005
1.4408827496173043E9,902,0.006
1.4408827496173043E9,903,0.021
1.4408827496173043E9,904,0.065
1.4408827496173043E9,905,0.044
1.4408827496173043E9,906,0.003
1.4408827496173043E9,907,0.004
1.4408827496173043E9,908,0.005
1.4408827496173043E9,909,0.063
1.4408827496173043E9,910,0.005
1.4408827496173043E9,911,0.019
1.4408827496173043E9,912,0.004
1.4408827496173043E9,913,0.004
1.4408827496173043E9,914,0.005
1.4408827496173043E9,915,0.023
1.4408827496173043E9,916,0.025
1.4408827496173043E9,917,0.061
1.4408827496173043E9,918,0.056
1.4408827496173043E9,919,0.055
1.4408827496173043E9,920,0.042
1.4408827496173043E9,921,0.026
1.4408827496173043E9,922,0.007
1.4408827496173043E9,923,0.011
1.4408827496173043E9,924,0.022
1.4408827496173043E9,925,0.005
1.4408827496173043E9,926,0.004
1.4408827496173043E9,927,0.052
1.4408827496173043E9,928,0.015
1.4408827496173043E9,929,0.009
1.4408827496173043E9,930,0.064
1.4408827496173043E9,931,0.044
1.4408827496173043E9,932,0.009
1.4408827496173043E9,933,0.007
1.4408827496173043E9,934,0.01
1.4408827496173043E9,935,0.016
1.4408827496173043E9,936,0.007
1.4408827496173043E9,937,0.024
1.4408827496173043E9,938,0.012
1.4408827496173043E9,939,0.018
1.4408827496173043E9,940,0.01
1.4408827496173043E9,941,0.02
1.4408827496173043E9,942,0.042
1.4408827496173043E9,943,0.027
1.4408827496173043E9,944,0.059
1.4408827496173043E9,945,0.005
1.4408827496173043E9,946,0.044
1.4408827496173043E9,947,0.014
1.4408827496173043E9,948,0.017
1.4408827496173043E9,949,0.005
1.4408827496173043E9,950,0.004
1.4408827496173043E9,951,0.004
1.4408827496173043E9,952,0.006
1.4408827496173043E9,953,0.047
1.4408827496173043E9,954,0.004
1.4408827496173043E9,955,0.006
1.4408827496173043E9,956,0.006
1.4408827496173043E9,957,0.054
1.4408827496173043E9,958,0.007
1.4408827496173043E9,959,0.044
1.4408827496173043E9,960,0.051
1.4408827496173043E9,961,0.064
1.4408827496173043E9,962,0.003
1.4408827496173043E9,963,0.003
1.4408827496173043E9,964,0.004
1.4408827496173043E9,965,0.045
1.4408827496173043E9,966,0.044
1.4408827496173043E9,967,0.063
1.4408827496173043E9,968,0.006
1.4408827496173043E9,969,0.003
1.4408827496173043E9,970,0.012
1.4408827496173043E9,971,0.025
1.4408827496173043E9,972,0.02
1.4408827496173043E9,973,0.041
1.4408827496173043E9,974,0.044
1.4408827496173043E9,975,0.004
1.4408827496173043E9,976,0.004
1.4408827496173043E9,977,0.003
1.4408827496173043E9,978,0.043
1.4408827496173043E9,979,0.003
1.4408827496173043E9,980,0.043
1.4408827496173043E9,981,0.012
1.4408827496173043E9,982,0.044
1.4408827496173043E9,983,0.004
1.4408827496173043E9,984,0.003
1.4408827496173043E9,985,0.003
1.4408827496173043E9,986,0.003
1.4408827496173043E9,987,0.018
1.4408827496173043E9,988,0.003
1.4408827496173043E9,989,0.021
1.4408827496173043E9,990,0.045
1.4408827496173043E9,991,0.01
1.4408827496173043E9,992,0.006
1.4408827496173043E9,993,0.003
1.4408827496173043E9,994,0.003
1.4408827496173043E9,995,0.06
1.4408827496173043E9,996,0.004
1.4408827496173043E9,997,0.004
1.4408827496173043E9,998,0.004
1.4408827496173043E9,999,0.043
1.4408827496173043E9,1000,0.077
1.4408827496173043E9,1001,0.021
1.4408827496173043E9,1002,0.028
1.4408827496173043E9,1003,0.007
1.4408827496173043E9,1004,0.039
1.4408827496173043E9,1005,0.04
1.4408827496173043E9,1006,0.009
1.4408827496173043E9,1007,0.045
1.4408827496173043E9,1008,0.005
1.4408827496173043E9,1009,0.004
1.4408827496173043E9,1010,0.007
1.4408827496173043E9,1011,0.021
1.4408827496173043E9,1012,0.011
1.4408827496173043E9,1013,0.004
1.4408827496173043E9,1014,0.01
1.4408827496173043E9,1015,0.043
1.4408827496173043E9,1016,0.009
1.4408827496173043E9,1017,0.016
1.4408827496173043E9,1018,0.008
1.4408827496173043E9,1019,0.014
1.4408827496173043E9,1020,0.022
1.4408827496173043E9,1021,0.046
1.4408827496173043E9,1022,0.009
1.4408827496173043E9,1023,0.015
1.4408827496173043E9,1024,0.005
1.4408827496173043E9,1025,0.055
1.4408827496173043E9,1026,0.005
1.4408827496173043E9,1027,0.042
1.4408827496173043E9,1028,0.044
1.4408827496173043E9,1029,0.054
1.4408827496173043E9,1030,0.066
1.4408827496173043E9,1031,0.041
1.4408827496173043E9,1032,0.06
1.4408827496173043E9,1033,0.023
1.4408827496173043E9,1034,0.015
1.4408827496173043E9,1035,0.029
1.4408827496173043E9,1036,0.004
1.4408827496173043E9,1037,0.018
1.4408827496173043E9,1038,0.004
1.4408827496173043E9,1039,0.021
1.4408827496173043E9,1040,0.042
1.4408827496173043E9,1041,0.023
1.4408827496173043E9,1042,0.014
1.4408827496173043E9,1043,0.026
1.4408827496173043E9,1044,0.012
1.4408827496173043E9,1045,0.045
1.4408827496173043E9,1046,0.043
1.4408827496173043E9,1047,0.004
1.4408827496173043E9,1048,0.004
1.4408827496173043E9,1049,0.01
1.4408827496173043E9,1050,0.007
1.4408827496173043E9,1051,0.047
1.4408827496173043E9,1052,0.045
1.4408827496173043E9,1053,0.005
1.4408827496173043E9,1054,0.005
1.4408827496173043E9,1055,0.006
1.4408827496173043E9,1056,0.01
1.4408827496173043E9,1057,0.004
1.4408827496173043E9,1058,0.016
1.4408827496173043E9,1059,0.01
1.4408827496173043E9,1060,0.023
1.4408827496173043E9,1061,0.05
1.4408827496173043E9,1062,0.02
1.4408827496173043E9,1063,0.044
1.4408827496173043E9,1064,0.028
1.4408827496173043E9,1065,0.048
1.4408827496173043E9,1066,0.019
1.4408827496173043E9,1067,0.007
1.4408827496173043E9,1068,0.048
1.4408827496173043E9,1069,0.004
1.4408827496173043E9,1070,0.006
1.4408827496173043E9,1071,0.004
1.4408827496173043E9,1072,0.004
1.4408827496173043E9,1073,0.043
1.4408827496173043E9,1074,0.004
1.4408827496173043E9,1075,0.026
1.4408827496173043E9,1076,0.009
1.4408827496173043E9,1077,0.019
1.4408827496173043E9,1078,0.027
1.4408827496173043E9,1079,0.01
1.4408827496173043E9,1080,0.005
1.4408827496173043E9,1081,0.017
1.4408827496173043E9,1082,0.023
1.4408827496173043E9,1083,0.059
1.4408827496173043E9,1084,0.004
1.4408827496173043E9,1085,0.005
1.4408827496173043E9,1086,0.005
1.4408827496173043E9,1087,0.004
1.4408827496173043E9,1088,0.058
1.4408827496173043E9,1089,0.005
1.4408827496173043E9,1090,0.067
1.4408827496173043E9,1091,0.067
1.4408827496173043E9,1092,0.005
1.4408827496173043E9,1093,0.004
1.4408827496173043E9,1094,0.005
1.4408827496173043E9,1095,0.004
1.4408827496173043E9,1096,0.057
1.4408827496173043E9,1097,0.004
1.4408827496173043E9,1098,0.005
1.4408827496173043E9,1099,0.004
1.4408827496173043E9,1100,0.004
1.4408827496173043E9,1101,0.01
1.4408827496173043E9,1102,0.004
1.4408827496173043E9,1103,0.021
1.4408827496173043E9,1104,0.005
1.4408827496173043E9,1105,0.005
1.4408827496173043E9,1106,0.019
1.4408827496173043E9,1107,0.058
1.4408827496173043E9,1108,0.053
1.4408827496173043E9,1109,0.041
1.4408827496173043E9,1110,0.007
1.4408827496173043E9,1111,0.004
1.4408827496173043E9,1112,0.047
1.4408827496173043E9,1113,0.004
1.4408827496173043E9,1114,0.042
1.4408827496173043E9,1115,0.052
1.4408827496173043E9,1116,0.005
1.4408827496173043E9,1117,0.046
1.4408827496173043E9,1118,0.04
1.4408827496173043E9,1119,0.044
1.4408827496173043E9,1120,0.03
1.4408827496173043E9,1121,0.062
1.4408827496173043E9,1122,0.005
1.4408827496173043E9,1123,0.024
1.4408827496173043E9,1124,0.005
1.4408827496173043E9,1125,0.066
1.4408827496173043E9,1126,0.004
1.4408827496173043E9,1127,0.005
1.4408827496173043E9,1128,0.047
1.4408827496173043E9,1129,0.004
1.4408827496173043E9,1130,0.026
1.4408827496173043E9,1131,0.003
1.4408827496173043E9,1132,0.003
1.4408827496173043E9,1133,0.042
1.4408827496173043E9,1134,0.004
1.4408827496173043E9,1135,0.004
1.4408827496173043E9,1136,0.003
1.4408827496173043E9,1137,0.015
1.4408827496173043E9,1138,0.028
1.4408827496173043E9,1139,0.005
1.4408827496173043E9,1140,0.004
1.4408827496173043E9,1141,0.042
1.4408827496173043E9,1142,0.003
1.4408827496173043E9,1143,0.007
1.4408827496173043E9,1144,0.005
1.4408827496173043E9,1145,0.021
1.4408827496173043E9,1146,0.005
1.4408827496173043E9,1147,0.012
1.4408827496173043E9,1148,0.018
1.4408827496173043E9,1149,0.005
1.4408827496173043E9,1150,0.022
1.4408827496173043E9,1151,0.044
1.4408827496173043E9,1152,0.004
1.4408827496173043E9,1153,0.004
1.4408827496173043E9,1154,0.048
1.4408827496173043E9,1155,0.043
1.4408827496173043E9,1156,0.004
1.4408827496173043E9,1157,0.003
1.4408827496173043E9,1158,0.005
1.4408827496173043E9,1159,0.047
1.4408827496173043E9,1160,0.004
1.4408827496173043E9,1161,0.009
1.4408827496173043E9,1162,0.043
1.4408827496173043E9,1163,0.043
1.4408827496173043E9,1164,0.005
1.4408827496173043E9,1165,0.003
1.4408827496173043E9,1166,0.043
1.4408827496173043E9,1167,0.003
1.4408827496173043E9,1168,0.004
1.4408827496173043E9,1169,0.049
1.4408827496173043E9,1170,0.044
1.4408827496173043E9,1171,0.005
1.4408827496173043E9,1172,0.004
1.4408827496173043E9,1173,0.004
1.4408827496173043E9,1174,0.004
1.4408827496173043E9,1175,0.034
1.4408827496173043E9,1176,0.02
1.4408827496173043E9,1177,0.006
1.4408827496173043E9,1178,0.019
1.4408827496173043E9,1179,0.055
1.4408827496173043E9,1180,0.006
1.4408827496173043E9,1181,0.004
1.4408827496173043E9,1182,0.004
1.4408827496173043E9,1183,0.003
1.4408827496173043E9,1184,0.019
1.4408827496173043E9,1185,0.005
1.4408827496173043E9,1186,0.007
1.4408827496173043E9,1187,0.044
1.4408827496173043E9,1188,0.02
1.4408827496173043E9,1189,0.011
1.4408827496173043E9,1190,0.017
1.4408827496173043E9,1191,0.004
1.4408827496173043E9,1192,0.019
1.4408827496173043E9,1193,0.005
1.4408827496173043E9,1194,0.004
1.4408827496173043E9,1195,0.019
1.4408827496173043E9,1196,0.027
1.4408827496173043E9,1197,0.006
1.4408827496173043E9,1198,0.006
1.4408827496173043E9,1199,0.022
1.4408827496173043E9,1200,0.007
1.4408827496173043E9,1201,0.023
1.4408827496173043E9,1202,0.007
1.4408827496173043E9,1203,0.004
1.4408827496173043E9,1204,0.021
1.4408827496173043E9,1205,0.005
1.4408827496173043E9,1206,0.043
1.4408827496173043E9,1207,0.044
1.4408827496173043E9,1208,0.009
1.4408827496173043E9,1209,0.012
1.4408827496173043E9,1210,0.024
1.4408827496173043E9,1211,0.014
1.4408827496173043E9,1212,0.008
1.4408827496173043E9,1213,0.003
1.4408827496173043E9,1214,0.059
1.4408827496173043E9,1215,0.019
1.4408827496173043E9,1216,0.006
1.4408827496173043E9,1217,0.019
1.4408827496173043E9,1218,0.008
1.4408827496173043E9,1219,0.004
1.4408827496173043E9,1220,0.062
1.4408827496173043E9,1221,0.043
1.4408827496173043E9,1222,0.007
1.4408827496173043E9,1223,0.019
1.4408827496173043E9,1224,0.042
1.4408827496173043E9,1225,0.024
1.4408827496173043E9,1226,0.044
1.4408827496173043E9,1227,0.006
1.4408827496173043E9,1228,0.021
1.4408827496173043E9,1229,0.044
1.4408827496173043E9,1230,0.011
1.4408827496173043E9,1231,0.011
1.4408827496173043E9,1232,0.004
1.4408827496173043E9,1233,0.003
1.4408827496173043E9,1234,0.01
1.4408827496173043E9,1235,0.022
1.4408827496173043E9,1236,0.004
1.4408827496173043E9,1237,0.045
1.4408827496173043E9,1238,0.022
1.4408827496173043E9,1239,0.053
1.4408827496173043E9,1240,0.048
1.4408827496173043E9,1241,0.011
1.4408827496173043E9,1242,0.006
1.4408827496173043E9,1243,0.004
1.4408827496173043E9,1244,0.007
1.4408827496173043E9,1245,0.004
1.4408827496173043E9,1246,0.082
1.4408827496173043E9,1247,0.012
1.4408827496173043E9,1248,0.043
1.4408827496173043E9,1249,0.066
1.4408827496173043E9,1250,0.005
1.4408827496173043E9,1251,0.005
1.4408827496173043E9,1252,0.004
1.4408827496173043E9,1253,0.005
1.4408827496173043E9,1254,0.004
1.4408827496173043E9,1255,0.003
1.4408827496173043E9,1256,0.022
1.4408827496173043E9,1257,0.016
1.4408827496173043E9,1258,0.006
1.4408827496173043E9,1259,0.016
1.4408827496173043E9,1260,0.003
1.4408827496173043E9,1261,0.018
1.4408827496173043E9,1262,0.061
1.4408827496173043E9,1263,0.041
1.4408827496173043E9,1264,0.023
1.4408827496173043E9,1265,0.029
1.4408827496173043E9,1266,0.043
1.4408827496173043E9,1267,0.026
1.4408827496173043E9,1268,0.005
1.4408827496173043E9,1269,0.019
1.4408827496173043E9,1270,0.06
1.4408827496173043E9,1271,0.004
1.4408827496173043E9,1272,0.004
1.4408827496173043E9,1273,0.016
1.4408827496173043E9,1274,0.006
1.4408827496173043E9,1275,0.004
1.4408827496173043E9,1276,0.061
1.4408827496173043E9,1277,0.004
1.4408827496173043E9,1278,0.003
1.4408827496173043E9,1279,0.044
1.4408827496173043E9,1280,0.007
1.4408827496173043E9,1281,0.014
1.4408827496173043E9,1282,0.042
1.4408827496173043E9,1283,0.007
1.4408827496173043E9,1284,0.005
1.4408827496173043E9,1285,0.004
1.4408827496173043E9,1286,0.003
1.4408827496173043E9,1287,0.01
1.4408827496173043E9,1288,0.064
1.4408827496173043E9,1289,0.06
1.4408827496173043E9,1290,0.026
1.4408827496173043E9,1291,0.045
1.4408827496173043E9,1292,0.021
1.4408827496173043E9,1293,0.004
1.4408827496173043E9,1294,0.021
1.4408827496173043E9,1295,0.008
1.4408827496173043E9,1296,0.018
1.4408827496173043E9,1297,0.047
1.4408827496173043E9,1298,0.014
1.4408827496173043E9,1299,0.015
1.4408827496173043E9,1300,0.006
1.4408827496173043E9,1301,0.011
1.4408827496173043E9,1302,0.007
1.4408827496173043E9,1303,0.021
1.4408827496173043E9,1304,0.011
1.4408827496173043E9,1305,0.018
1.4408827496173043E9,1306,0.038
1.4408827496173043E9,1307,0.004
1.4408827496173043E9,1308,0.027
1.4408827496173043E9,1309,0.004
1.4408827496173043E9,1310,0.004
1.4408827496173043E9,1311,0.056
1.4408827496173043E9,1312,0.041
1.4408827496173043E9,1313,0.006
1.4408827496173043E9,1314,0.016
1.4408827496173043E9,1315,0.013
1.4408827496173043E9,1316,0.043
1.4408827496173043E9,1317,0.043
1.4408827496173043E9,1318,0.041
1.4408827496173043E9,1319,0.005
1.4408827496173043E9,1320,0.003
1.4408827496173043E9,1321,0.003
1.4408827496173043E9,1322,0.088
1.4408827496173043E9,1323,0.043
1.4408827496173043E9,1324,0.04
1.4408827496173043E9,1325,0.026
1.4408827496173043E9,1326,0.024
1.4408827496173043E9,1327,0.004
1.4408827496173043E9,1328,0.025
1.4408827496173043E9,1329,0.057
1.4408827496173043E9,1330,0.005
1.4408827496173043E9,1331,0.005
1.4408827496173043E9,1332,0.017
1.4408827496173043E9,1333,0.004
1.4408827496173043E9,1334,0.04
1.4408827496173043E9,1335,0.003
1.4408827496173043E9,1336,0.004
1.4408827496173043E9,1337,0.044
1.4408827496173043E9,1338,0.004
1.4408827496173043E9,1339,0.003
1.4408827496173043E9,1340,0.003
1.4408827496173043E9,1341,0.016
1.4408827496173043E9,1342,0.005
1.4408827496173043E9,1343,0.024
1.4408827496173043E9,1344,0.007
1.4408827496173043E9,1345,0.057
1.4408827496173043E9,1346,0.016
1.4408827496173043E9,1347,0.008
1.4408827496173043E9,1348,0.005
1.4408827496173043E9,1349,0.004
1.4408827496173043E9,1350,0.003
1.4408827496173043E9,1351,0.062
1.4408827496173043E9,1352,0.044
1.4408827496173043E9,1353,0.048
1.4408827496173043E9,1354,0.019
1.4408827496173043E9,1355,0.005
1.4408827496173043E9,1356,0.041
1.4408827496173043E9,1357,0.022
1.4408827496173043E9,1358,0.043
1.4408827496173043E9,1359,0.004
1.4408827496173043E9,1360,0.017
1.4408827496173043E9,1361,0.008
1.4408827496173043E9,1362,0.012
1.4408827496173043E9,1363,0.005
1.4408827496173043E9,1364,0.006
1.4408827496173043E9,1365,0.059
1.4408827496173043E9,1366,0.019
1.4408827496173043E9,1367,0.045
1.4408827496173043E9,1368,0.005
1.4408827496173043E9,1369,0.005
1.4408827496173043E9,1370,0.042
1.4408827496173043E9,1371,0.044
1.4408827496173043E9,1372,0.008
1.4408827496173043E9,1373,0.006
1.4408827496173043E9,1374,0.004
1.4408827496173043E9,1375,0.005
1.4408827496173043E9,1376,0.02
1.4408827496173043E9,1377,0.006
1.4408827496173043E9,1378,0.003
1.4408827496173043E9,1379,0.004
1.4408827496173043E9,1380,0.063
1.4408827496173043E9,1381,0.041
1.4408827496173043E9,1382,0.007
1.4408827496173043E9,1383,0.005
1.4408827496173043E9,1384,0.004
1.4408827496173043E9,1385,0.014
1.4408827496173043E9,1386,0.016
1.4408827496173043E9,1387,0.058
1.4408827496173043E9,1388,0.005
1.4408827496173043E9,1389,0.004
1.4408827496173043E9,1390,0.058
1.4408827496173043E9,1391,0.076
1.4408827496173043E9,1392,0.004
1.4408827496173043E9,1393,0.004
1.4408827496173043E9,1394,0.003
1.4408827496173043E9,1395,0.043
1.4408827496173043E9,1396,0.003
1.4408827496173043E9,1397,0.004
1.4408827496173043E9,1398,0.005
1.4408827496173043E9,1399,0.043
1.4408827496173043E9,1400,0.005
1.4408827496173043E9,1401,0.004
1.4408827496173043E9,1402,0.003
1.4408827496173043E9,1403,0.004
1.4408827496173043E9,1404,0.005
1.4408827496173043E9,1405,0.016
1.4408827496173043E9,1406,0.066
1.4408827496173043E9,1407,0.004
1.4408827496173043E9,1408,0.003
1.4408827496173043E9,1409,0.004
1.4408827496173043E9,1410,0.005
1.4408827496173043E9,1411,0.048
1.4408827496173043E9,1412,0.004
1.4408827496173043E9,1413,0.003
1.4408827496173043E9,1414,0.003
1.4408827496173043E9,1415,0.05
1.4408827496173043E9,1416,0.057
1.4408827496173043E9,1417,0.043
1.4408827496173043E9,1418,0.004
1.4408827496173043E9,1419,0.005
1.4408827496173043E9,1420,0.043
1.4408827496173043E9,1421,0.004
1.4408827496173043E9,1422,0.02
1.4408827496173043E9,1423,0.003
1.4408827496173043E9,1424,0.045
1.4408827496173043E9,1425,0.024
1.4408827496173043E9,1426,0.042
1.4408827496173043E9,1427,0.064
1.4408827496173043E9,1428,0.019
1.4408827496173043E9,1429,0.006
1.4408827496173043E9,1430,0.025
1.4408827496173043E9,1431,0.004
1.4408827496173043E9,1432,0.011
1.4408827496173043E9,1433,0.026
1.4408827496173043E9,1434,0.005
1.4408827496173043E9,1435,0.022
1.4408827496173043E9,1436,0.042
1.4408827496173043E9,1437,0.007
1.4408827496173043E9,1438,0.041
1.4408827496173043E9,1439,0.006
1.4408827496173043E9,1440,0.007
1.4408827496173043E9,1441,0.003
1.4408827496173043E9,1442,0.019
1.4408827496173043E9,1443,0.007
1.4408827496173043E9,1444,0.044
1.4408827496173043E9,1445,0.003
1.4408827496173043E9,1446,0.005
1.4408827496173043E9,1447,0.009
1.4408827496173043E9,1448,0.014
1.4408827496173043E9,1449,0.036
1.4408827496173043E9,1450,0.027
1.4408827496173043E9,1451,0.008
1.4408827496173043E9,1452,0.014
1.4408827496173043E9,1453,0.004
1.4408827496173043E9,1454,0.049
1.4408827496173043E9,1455,0.004
1.4408827496173043E9,1456,0.004
1.4408827496173043E9,1457,0.022
1.4408827496173043E9,1458,0.026
1.4408827496173043E9,1459,0.027
1.4408827496173043E9,1460,0.068
1.4408827496173043E9,1461,0.005
1.4408827496173043E9,1462,0.017
1.4408827496173043E9,1463,0.007
1.4408827496173043E9,1464,0.003
1.4408827496173043E9,1465,0.004
1.4408827496173043E9,1466,0.017
1.4408827496173043E9,1467,0.007
1.4408827496173043E9,1468,0.042
1.4408827496173043E9,1469,0.045
1.4408827496173043E9,1470,0.004
1.4408827496173043E9,1471,0.004
1.4408827496173043E9,1472,0.042
1.4408827496173043E9,1473,0.044
1.4408827496173043E9,1474,0.004
1.4408827496173043E9,1475,0.003
1.4408827496173043E9,1476,0.044
1.4408827496173043E9,1477,0.009
1.4408827496173043E9,1478,0.005
1.4408827496173043E9,1479,0.02
1.4408827496173043E9,1480,0.043
1.4408827496173043E9,1481,0.004
1.4408827496173043E9,1482,0.003
1.4408827496173043E9,1483,0.004
1.4408827496173043E9,1484,0.004
1.4408827496173043E9,1485,0.01
1.4408827496173043E9,1486,0.026
1.4408827496173043E9,1487,0.043
1.4408827496173043E9,1488,0.021
1.4408827496173043E9,1489,0.004
1.4408827496173043E9,1490,0.043
1.4408827496173043E9,1491,0.007
1.4408827496173043E9,1492,0.003
1.4408827496173043E9,1493,0.011
1.4408827496173043E9,1494,0.011
1.4408827496173043E9,1495,0.015
1.4408827496173043E9,1496,0.004
1.4408827496173043E9,1497,0.059
1.4408827496173043E9,1498,0.048
1.4408827496173043E9,1499,0.024
1.4408827496173043E9,1500,0.003
1.4408827496173043E9,1501,0.004
1.4408827496173043E9,1502,0.045
1.4408827496173043E9,1503,0.025
1.4408827496173043E9,1504,0.003
1.4408827496173043E9,1505,0.018
1.4408827496173043E9,1506,0.006
1.4408827496173043E9,1507,0.042
1.4408827496173043E9,1508,0.06
1.4408827496173043E9,1509,0.043
1.4408827496173043E9,1510,0.045
1.4408827496173043E9,1511,0.043
1.4408827496173043E9,1512,0.031
1.4408827496173043E9,1513,0.069
1.4408827496173043E9,1514,0.049
1.4408827496173043E9,1515,0.012
1.4408827496173043E9,1516,0.007
1.4408827496173043E9,1517,0.01
1.4408827496173043E9,1518,0.054
1.4408827496173043E9,1519,0.018
1.4408827496173043E9,1520,0.006
1.4408827496173043E9,1521,0.043
1.4408827496173043E9,1522,0.011
1.4408827496173043E9,1523,0.048
1.4408827496173043E9,1524,0.01
1.4408827496173043E9,1525,0.004
1.4408827496173043E9,1526,0.041
1.4408827496173043E9,1527,0.004
1.4408827496173043E9,1528,0.044
1.4408827496173043E9,1529,0.015
1.4408827496173043E9,1530,0.004
1.4408827496173043E9,1531,0.006
1.4408827496173043E9,1532,0.046
1.4408827496173043E9,1533,0.003
1.4408827496173043E9,1534,0.004
1.4408827496173043E9,1535,0.003
1.4408827496173043E9,1536,0.014
1.4408827496173043E9,1537,0.047
1.4408827496173043E9,1538,0.005
1.4408827496173043E9,1539,0.011
1.4408827496173043E9,1540,0.012
1.4408827496173043E9,1541,0.013
1.4408827496173043E9,1542,0.042
1.4408827496173043E9,1543,0.06
1.4408827496173043E9,1544,0.004
1.4408827496173043E9,1545,0.052
1.4408827496173043E9,1546,0.005
1.4408827496173043E9,1547,0.004
1.4408827496173043E9,1548,0.017
1.4408827496173043E9,1549,0.04
1.4408827496173043E9,1550,0.006
1.4408827496173043E9,1551,0.004
1.4408827496173043E9,1552,0.003
1.4408827496173043E9,1553,0.006
1.4408827496173043E9,1554,0.007
1.4408827496173043E9,1555,0.06
1.4408827496173043E9,1556,0.043
1.4408827496173043E9,1557,0.041
1.4408827496173043E9,1558,0.044
1.4408827496173043E9,1559,0.044
1.4408827496173043E9,1560,0.009
1.4408827496173043E9,1561,0.004
1.4408827496173043E9,1562,0.047
1.4408827496173043E9,1563,0.007
1.4408827496173043E9,1564,0.005
1.4408827496173043E9,1565,0.042
1.4408827496173043E9,1566,0.019
1.4408827496173043E9,1567,0.022
1.4408827496173043E9,1568,0.008
1.4408827496173043E9,1569,0.004
1.4408827496173043E9,1570,0.017
1.4408827496173043E9,1571,0.03
1.4408827496173043E9,1572,0.04
1.4408827496173043E9,1573,0.004
1.4408827496173043E9,1574,0.043
1.4408827496173043E9,1575,0.051
1.4408827496173043E9,1576,0.004
1.4408827496173043E9,1577,0.012
1.4408827496173043E9,1578,0.004
1.4408827496173043E9,1579,0.02
1.4408827496173043E9,1580,0.049
1.4408827496173043E9,1581,0.008
1.4408827496173043E9,1582,0.015
1.4408827496173043E9,1583,0.004
1.4408827496173043E9,1584,0.018
1.4408827496173043E9,1585,0.004
1.4408827496173043E9,1586,0.022
1.4408827496173043E9,1587,0.013
1.4408827496173043E9,1588,0.004
1.4408827496173043E9,1589,0.051
1.4408827496173043E9,1590,0.004
1.4408827496173043E9,1591,0.003
1.4408827496173043E9,1592,0.008
1.4408827496173043E9,1593,0.015
1.4408827496173043E9,1594,0.003
1.4408827496173043E9,1595,0.018
1.4408827496173043E9,1596,0.007
1.4408827496173043E9,1597,0.003
1.4408827496173043E9,1598,0.021
1.4408827496173043E9,1599,0.069
1.4408827496173043E9,1600,0.012
1.4408827496173043E9,1601,0.068
1.4408827496173043E9,1602,0.048
1.4408827496173043E9,1603,0.005
1.4408827496173043E9,1604,0.006
1.4408827496173043E9,1605,0.006
1.4408827496173043E9,1606,0.003
1.4408827496173043E9,1607,0.055
1.4408827496173043E9,1608,0.026
1.4408827496173043E9,1609,0.006
1.4408827496173043E9,1610,0.021
1.4408827496173043E9,1611,0.043
1.4408827496173043E9,1612,0.047
1.4408827496173043E9,1613,0.005
1.4408827496173043E9,1614,0.02
1.4408827496173043E9,1615,0.009
1.4408827496173043E9,1616,0.003
1.4408827496173043E9,1617,0.062
1.4408827496173043E9,1618,0.004
1.4408827496173043E9,1619,0.01
1.4408827496173043E9,1620,0.004
1.4408827496173043E9,1621,0.005
1.4408827496173043E9,1622,0.005
1.4408827496173043E9,1623,0.024
1.4408827496173043E9,1624,0.051
1.4408827496173043E9,1625,0.063
1.4408827496173043E9,1626,0.022
1.4408827496173043E9,1627,0.04
1.4408827496173043E9,1628,0.019
1.4408827496173043E9,1629,0.032
1.4408827496173043E9,1630,0.061
1.4408827496173043E9,1631,0.02
1.4408827496173043E9,1632,0.043
1.4408827496173043E9,1633,0.007
1.4408827496173043E9,1634,0.005
1.4408827496173043E9,1635,0.003
1.4408827496173043E9,1636,0.004
1.4408827496173043E9,1637,0.061
1.4408827496173043E9,1638,0.043
1.4408827496173043E9,1639,0.04
1.4408827496173043E9,1640,0.005
1.4408827496173043E9,1641,0.011
1.4408827496173043E9,1642,0.006
1.4408827496173043E9,1643,0.041
1.4408827496173043E9,1644,0.004
1.4408827496173043E9,1645,0.005
1.4408827496173043E9,1646,0.022
1.4408827496173043E9,1647,0.007
1.4408827496173043E9,1648,0.003
1.4408827496173043E9,1649,0.015
1.4408827496173043E9,1650,0.049
1.4408827496173043E9,1651,0.059
1.4408827496173043E9,1652,0.044
1.4408827496173043E9,1653,0.043
1.4408827496173043E9,1654,0.003
1.4408827496173043E9,1655,0.003
1.4408827496173043E9,1656,0.004
1.4408827496173043E9,1657,0.084
1.4408827496173043E9,1658,0.003
1.4408827496173043E9,1659,0.018
1.4408827496173043E9,1660,0.026
1.4408827496173043E9,1661,0.004
1.4408827496173043E9,1662,0.003
1.4408827496173043E9,1663,0.022
1.4408827496173043E9,1664,0.08
1.4408827496173043E9,1665,0.047
1.4408827496173043E9,1666,0.011
1.4408827496173043E9,1667,0.004
1.4408827496173043E9,1668,0.008
1.4408827496173043E9,1669,0.025
1.4408827496173043E9,1670,0.021
1.4408827496173043E9,1671,0.008
1.4408827496173043E9,1672,0.042
1.4408827496173043E9,1673,0.003
1.4408827496173043E9,1674,0.014
1.4408827496173043E9,1675,0.005
1.4408827496173043E9,1676,0.03
1.4408827496173043E9,1677,0.041
1.4408827496173043E9,1678,0.019
1.4408827496173043E9,1679,0.004
1.4408827496173043E9,1680,0.003
1.4408827496173043E9,1681,0.019
1.4408827496173043E9,1682,0.047
1.4408827496173043E9,1683,0.003
1.4408827496173043E9,1684,0.004
1.4408827496173043E9,1685,0.043
1.4408827496173043E9,1686,0.005
1.4408827496173043E9,1687,0.003
1.4408827496173043E9,1688,0.027
1.4408827496173043E9,1689,0.005
1.4408827496173043E9,1690,0.008
1.4408827496173043E9,1691,0.007
1.4408827496173043E9,1692,0.005
1.4408827496173043E9,1693,0.005
1.4408827496173043E9,1694,0.006
1.4408827496173043E9,1695,0.004
1.4408827496173043E9,1696,0.009
1.4408827496173043E9,1697,0.008
1.4408827496173043E9,1698,0.022
1.4408827496173043E9,1699,0.063
1.4408827496173043E9,1700,0.044
1.4408827496173043E9,1701,0.004
1.4408827496173043E9,1702,0.004
1.4408827496173043E9,1703,0.021
1.4408827496173043E9,1704,0.004
1.4408827496173043E9,1705,0.047
1.4408827496173043E9,1706,0.03
1.4408827496173043E9,1707,0.004
1.4408827496173043E9,1708,0.004
1.4408827496173043E9,1709,0.058
1.4408827496173043E9,1710,0.039
1.4408827496173043E9,1711,0.003
1.4408827496173043E9,1712,0.005
1.4408827496173043E9,1713,0.05
1.4408827496173043E9,1714,0.041
1.4408827496173043E9,1715,0.006
1.4408827496173043E9,1716,0.02
1.4408827496173043E9,1717,0.045
1.4408827496173043E9,1718,0.047
1.4408827496173043E9,1719,0.044
1.4408827496173043E9,1720,0.018
1.4408827496173043E9,1721,0.007
1.4408827496173043E9,1722,0.022
1.4408827496173043E9,1723,0.007
1.4408827496173043E9,1724,0.023
1.4408827496173043E9,1725,0.005
1.4408827496173043E9,1726,0.024
1.4408827496173043E9,1727,0.041
1.4408827496173043E9,1728,0.064
1.4408827496173043E9,1729,0.044
1.4408827496173043E9,1730,0.043
1.4408827496173043E9,1731,0.003
1.4408827496173043E9,1732,0.004
1.4408827496173043E9,1733,0.005
1.4408827496173043E9,1734,0.017
1.4408827496173043E9,1735,0.043
1.4408827496173043E9,1736,0.044
1.4408827496173043E9,1737,0.011
1.4408827496173043E9,1738,0.011
1.4408827496173043E9,1739,0.004
1.4408827496173043E9,1740,0.005
1.4408827496173043E9,1741,0.04
1.4408827496173043E9,1742,0.003
1.4408827496173043E9,1743,0.005
1.4408827496173043E9,1744,0.063
1.4408827496173043E9,1745,0.041
1.4408827496173043E9,1746,0.004
1.4408827496173043E9,1747,0.004
1.4408827496173043E9,1748,0.016
1.4408827496173043E9,1749,0.047
1.4408827496173043E9,1750,0.004
1.4408827496173043E9,1751,0.016
1.4408827496173043E9,1752,0.015
1.4408827496173043E9,1753,0.005
1.4408827496173043E9,1754,0.046
1.4408827496173043E9,1755,0.003
1.4408827496173043E9,1756,0.015
1.4408827496173043E9,1757,0.04
1.4408827496173043E9,1758,0.003
1.4408827496173043E9,1759,0.013
1.4408827496173043E9,1760,0.03
1.4408827496173043E9,1761,0.025
1.4408827496173043E9,1762,0.006
1.4408827496173043E9,1763,0.022
1.4408827496173043E9,1764,0.004
1.4408827496173043E9,1765,0.004
1.4408827496173043E9,1766,0.004
1.4408827496173043E9,1767,0.02
1.4408827496173043E9,1768,0.01
1.4408827496173043E9,1769,0.004
1.4408827496173043E9,1770,0.003
1.4408827496173043E9,1771,0.062
1.4408827496173043E9,1772,0.047
1.4408827496173043E9,1773,0.004
1.4408827496173043E9,1774,0.004
1.4408827496173043E9,1775,0.023
1.4408827496173043E9,1776,0.039
1.4408827496173043E9,1777,0.004
1.4408827496173043E9,1778,0.012
1.4408827496173043E9,1779,0.014
1.4408827496173043E9,1780,0.02
1.4408827496173043E9,1781,0.006
1.4408827496173043E9,1782,0.004
1.4408827496173043E9,1783,0.003
1.4408827496173043E9,1784,0.05
1.4408827496173043E9,1785,0.044
1.4408827496173043E9,1786,0.044
1.4408827496173043E9,1787,0.005
1.4408827496173043E9,1788,0.014
1.4408827496173043E9,1789,0.003
1.4408827496173043E9,1790,0.008
1.4408827496173043E9,1791,0.024
1.4408827496173043E9,1792,0.008
1.4408827496173043E9,1793,0.006
1.4408827496173043E9,1794,0.057
1.4408827496173043E9,1795,0.044
1.4408827496173043E9,1796,0.018
1.4408827496173043E9,1797,0.05
1.4408827496173043E9,1798,0.005
1.4408827496173043E9,1799,0.016
1.4408827496173043E9,1800,0.067
1.4408827496173043E9,1801,0.02
1.4408827496173043E9,1802,0.004
1.4408827496173043E9,1803,0.003
1.4408827496173043E9,1804,0.006
1.4408827496173043E9,1805,0.026
1.4408827496173043E9,1806,0.007
1.4408827496173043E9,1807,0.015
1.4408827496173043E9,1808,0.009
1.4408827496173043E9,1809,0.005
1.4408827496173043E9,1810,0.004
1.4408827496173043E9,1811,0.004
1.4408827496173043E9,1812,0.062
1.4408827496173043E9,1813,0.007
1.4408827496173043E9,1814,0.004
1.4408827496173043E9,1815,0.004
1.4408827496173043E9,1816,0.04
1.4408827496173043E9,1817,0.01
1.4408827496173043E9,1818,0.086
1.4408827496173043E9,1819,0.044
1.4408827496173043E9,1820,0.011
1.4408827496173043E9,1821,0.021
1.4408827496173043E9,1822,0.006
1.4408827496173043E9,1823,0.005
1.4408827496173043E9,1824,0.065
1.4408827496173043E9,1825,0.04
1.4408827496173043E9,1826,0.003
1.4408827496173043E9,1827,0.004
1.4408827496173043E9,1828,0.043
1.4408827496173043E9,1829,0.04
1.4408827496173043E9,1830,0.013
1.4408827496173043E9,1831,0.004
1.4408827496173043E9,1832,0.004
1.4408827496173043E9,1833,0.021
1.4408827496173043E9,1834,0.004
1.4408827496173043E9,1835,0.027
1.4408827496173043E9,1836,0.004
1.4408827496173043E9,1837,0.061
1.4408827496173043E9,1838,0.005
1.4408827496173043E9,1839,0.005
1.4408827496173043E9,1840,0.025
1.4408827496173043E9,1841,0.008
1.4408827496173043E9,1842,0.007
1.4408827496173043E9,1843,0.04
1.4408827496173043E9,1844,0.044
1.4408827496173043E9,1845,0.004
1.4408827496173043E9,1846,0.043
1.4408827496173043E9,1847,0.064
1.4408827496173043E9,1848,0.043
1.4408827496173043E9,1849,0.004
1.4408827496173043E9,1850,0.004
1.4408827496173043E9,1851,0.039
1.4408827496173043E9,1852,0.058
1.4408827496173043E9,1853,0.003
1.4408827496173043E9,1854,0.008
1.4408827496173043E9,1855,0.005
1.4408827496173043E9,1856,0.004
1.4408827496173043E9,1857,0.005
1.4408827496173043E9,1858,0.009
1.4408827496173043E9,1859,0.043
1.4408827496173043E9,1860,0.042
1.4408827496173043E9,1861,0.044
1.4408827496173043E9,1862,0.004
1.4408827496173043E9,1863,0.004
1.4408827496173043E9,1864,0.006
1.4408827496173043E9,1865,0.008
1.4408827496173043E9,1866,0.044
1.4408827496173043E9,1867,0.006
1.4408827496173043E9,1868,0.012
1.4408827496173043E9,1869,0.027
1.4408827496173043E9,1870,0.031
1.4408827496173043E9,1871,0.023
1.4408827496173043E9,1872,0.007
1.4408827496173043E9,1873,0.042
1.4408827496173043E9,1874,0.043
1.4408827496173043E9,1875,0.064
1.4408827496173043E9,1876,0.022
1.4408827496173043E9,1877,0.006
1.4408827496173043E9,1878,0.015
1.4408827496173043E9,1879,0.009
1.4408827496173043E9,1880,0.021
1.4408827496173043E9,1881,0.018
1.4408827496173043E9,1882,0.05
1.4408827496173043E9,1883,0.006
1.4408827496173043E9,1884,0.01
1.4408827496173043E9,1885,0.005
1.4408827496173043E9,1886,0.004
1.4408827496173043E9,1887,0.003
1.4408827496173043E9,1888,0.017
1.4408827496173043E9,1889,0.004
1.4408827496173043E9,1890,0.043
1.4408827496173043E9,1891,0.006
1.4408827496173043E9,1892,0.054
1.4408827496173043E9,1893,0.003
1.4408827496173043E9,1894,0.022
1.4408827496173043E9,1895,0.003
1.4408827496173043E9,1896,0.041
1.4408827496173043E9,1897,0.039
1.4408827496173043E9,1898,0.005
1.4408827496173043E9,1899,0.044
1.4408827496173043E9,1900,0.019
1.4408827496173043E9,1901,0.063
1.4408827496173043E9,1902,0.01
1.4408827496173043E9,1903,0.005
1.4408827496173043E9,1904,0.004
1.4408827496173043E9,1905,0.003
1.4408827496173043E9,1906,0.003
1.4408827496173043E9,1907,0.022
1.4408827496173043E9,1908,0.008
1.4408827496173043E9,1909,0.031
1.4408827496173043E9,1910,0.169
1.4408827496173043E9,1911,0.006
1.4408827496173043E9,1912,0.033
1.4408827496173043E9,1913,0.043
1.4408827496173043E9,1914,0.005
1.4408827496173043E9,1915,0.019
1.4408827496173043E9,1916,0.074
1.4408827496173043E9,1917,0.004
1.4408827496173043E9,1918,0.004
1.4408827496173043E9,1919,0.003
1.4408827496173043E9,1920,0.015
1.4408827496173043E9,1921,0.004
1.4408827496173043E9,1922,0.004
1.4408827496173043E9,1923,0.022
1.4408827496173043E9,1924,0.073
1.4408827496173043E9,1925,0.044
1.4408827496173043E9,1926,0.017
1.4408827496173043E9,1927,0.115
1.4408827496173043E9,1928,0.041
1.4408827496173043E9,1929,0.044
1.4408827496173043E9,1930,0.044
1.4408827496173043E9,1931,0.044
1.4408827496173043E9,1932,0.044
1.4408827496173043E9,1933,0.004
1.4408827496173043E9,1934,0.043
1.4408827496173043E9,1935,0.004
1.4408827496173043E9,1936,0.011
1.4408827496173043E9,1937,0.01
1.4408827496173043E9,1938,0.044
1.4408827496173043E9,1939,0.044
1.4408827496173043E9,1940,0.046
1.4408827496173043E9,1941,0.008
1.4408827496173043E9,1942,0.005
1.4408827496173043E9,1943,0.006
1.4408827496173043E9,1944,0.043
1.4408827496173043E9,1945,0.043
1.4408827496173043E9,1946,0.004
1.4408827496173043E9,1947,0.004
1.4408827496173043E9,1948,0.04
1.4408827496173043E9,1949,0.044